time,log_return
2024-01-01 00:00:00+00:00,0.0007
2024-01-01 01:00:00+00:00,0.0006668960913411911
2024-01-01 02:00:00+00:00,0.0006284004954254394
2024-01-01 03:00:00+00:00,0.0005857355198908984
2024-01-01 04:00:00+00:00,0.0005400842996037769
2024-01-01 05:00:00+00:00,0.0004925479050574618
2024-01-01 06:00:00+00:00,0.00044410738339488226
2024-01-01 07:00:00+00:00,0.0003955921963245501
2024-01-01 08:00:00+00:00,0.0003476562508640858
2024-01-01 09:00:00+00:00,0.00030076240334521995
2024-01-01 10:00:00+00:00,0.00025517596713492174
2024-01-01 11:00:00+00:00,0.00021096738412157336
2024-01-01 12:00:00+00:00,0.00016802384404452714
2024-01-01 13:00:00+00:00,0.00012606926928656538
2024-01-01 14:00:00+00:00,8.469174049171094e-05
2024-01-01 15:00:00+00:00,4.3377134032498724e-05
2024-01-01 16:00:00+00:00,1.547488127787333e-06
2024-01-01 17:00:00+00:00,-4.139757950615423e-05
2024-01-01 18:00:00+00:00,-8.603820542668692e-05
2024-01-01 19:00:00+00:00,-0.0001328922213199671
2024-01-01 20:00:00+00:00,-0.00018237553505187396
2024-01-01 21:00:00+00:00,-0.00023476668810435802
2024-01-01 22:00:00+00:00,-0.0002901771581542865
2024-01-01 23:00:00+00:00,-0.000348528744291385
2024-01-02 00:00:00+00:00,-0.0004095390865214495
2024-01-02 01:00:00+00:00,-0.00047271604218541876
2024-01-02 02:00:00+00:00,-0.0005373612828999709
2024-01-02 03:00:00+00:00,-0.0006025831009532259
2024-01-02 04:00:00+00:00,-0.0006673180387653143
2024-01-02 05:00:00+00:00,-0.0007303605940785189
2024-01-02 06:00:00+00:00,-0.0007903999214410697
2024-01-02 07:00:00+00:00,-0.000846062160616114
2024-01-02 08:00:00+00:00,-0.0008959567864325019
2024-01-02 09:00:00+00:00,-0.0009387252018073631
2024-01-02 10:00:00+00:00,-0.0009730896932033642
2024-01-02 11:00:00+00:00,-0.0009979008398287885
2024-01-02 12:00:00+00:00,-0.0010121815156721547
2024-01-02 13:00:00+00:00,-0.0010151657451944896
2024-01-02 14:00:00+00:00,-0.0010063308644450027
2024-01-02 15:00:00+00:00,-0.0009854216920250048
2024-01-02 16:00:00+00:00,-0.0009524657187452458
2024-01-02 17:00:00+00:00,-0.0009077786689838288
2024-01-02 18:00:00+00:00,-0.0008519601570495345
2024-01-02 19:00:00+00:00,-0.0007858795436381254
2024-01-02 20:00:00+00:00,-0.0007106524756246539
2024-01-02 21:00:00+00:00,-0.0006276089519907003
2024-01-02 22:00:00+00:00,-0.0005382540854054103
2024-01-02 23:00:00+00:00,-0.00044422300992969275
2024-01-03 00:00:00+00:00,-0.00034723160937797753
2024-01-03 01:00:00+00:00,-0.00024902489919566203
2024-01-03 02:00:00+00:00,-0.00015132498104943596
2024-01-03 03:00:00+00:00,-5.578050029949878e-05
2024-01-03 04:00:00+00:00,3.6080528260048315e-05
2024-01-03 05:00:00+00:00,0.00012289279892074335
2024-01-03 06:00:00+00:00,0.00020348917588524469
2024-01-03 07:00:00+00:00,0.0002769282793531865
2024-01-03 08:00:00+00:00,0.0003425132535508763
2024-01-03 09:00:00+00:00,0.0003998011234322543
2024-01-03 10:00:00+00:00,0.0004486025191947132
2024-01-03 11:00:00+00:00,0.0004889719277176849
2024-01-03 12:00:00+00:00,0.000521189002429769
2024-01-03 13:00:00+00:00,0.0005457318131386984
2024-01-03 14:00:00+00:00,0.000563243231116357
2024-01-03 15:00:00+00:00,0.0005744919097723115
2024-01-03 16:00:00+00:00,0.0005803295270788707
2024-01-03 17:00:00+00:00,0.0005816460944022927
2024-01-03 18:00:00+00:00,0.0005793252021142093
2024-01-03 19:00:00+00:00,0.0005742010627785163
2024-01-03 20:00:00+00:00,0.0005670191283136717
2024-01-03 21:00:00+00:00,0.0005584019017882706
2024-01-03 22:00:00+00:00,0.000548821343737388
2024-01-03 23:00:00+00:00,0.0005385789960028548
2024-01-04 00:00:00+00:00,0.0005277946242563427
2024-01-04 01:00:00+00:00,0.0005164038265078268
2024-01-04 02:00:00+00:00,0.0005041646832584407
2024-01-04 03:00:00+00:00,0.0004906731504594472
2024-01-04 04:00:00+00:00,0.00047538653413396525
2024-01-04 05:00:00+00:00,0.0004576540499627883
2024-01-04 06:00:00+00:00,0.00043675317581801554
2024-01-04 07:00:00+00:00,0.00041193026202791236
2024-01-04 08:00:00+00:00,0.0003824436828702235
2024-01-04 09:00:00+00:00,0.0003476077007417683
2024-01-04 10:00:00+00:00,0.0003068351761952499
2024-01-04 11:00:00+00:00,0.00025967729417634186
2024-01-04 12:00:00+00:00,0.0002058585879277532
2024-01-04 13:00:00+00:00,0.00014530572278617448
2024-01-04 14:00:00+00:00,7.816874533188447e-05
2024-01-04 15:00:00+00:00,4.833799408107377e-06
2024-01-04 16:00:00+00:00,-7.407335235917224e-05
2024-01-04 17:00:00+00:00,-0.00015769329815457447
2024-01-04 18:00:00+00:00,-0.00024494835642259905
2024-01-04 19:00:00+00:00,-0.00033456690798971186
2024-01-04 20:00:00+00:00,-0.0004251158646887762
2024-01-04 21:00:00+00:00,-0.0005150401305954271
2024-01-04 22:00:00+00:00,-0.0006027076286259996
2024-01-04 23:00:00+00:00,-0.0006864582375814583
2024-01-05 00:00:00+00:00,-0.0007646548218751918
2024-01-05 01:00:00+00:00,-0.0008357344447044807
2024-01-05 02:00:00+00:00,-0.0008982578390289949
2024-01-05 03:00:00+00:00,-0.0009509552701338074
2024-01-05 04:00:00+00:00,-0.000992767056493166
2024-01-05 05:00:00+00:00,-0.0010228772169051516
2024-01-05 06:00:00+00:00,-0.0010407389735095206
2024-01-05 07:00:00+00:00,-0.001046091152003051
2024-01-05 08:00:00+00:00,-0.0010389648698091876
2024-01-05 09:00:00+00:00,-0.0010196802763216416
2024-01-05 10:00:00+00:00,-0.0009888334918542866
2024-01-05 11:00:00+00:00,-0.0009472742684588748
2024-01-05 12:00:00+00:00,-0.0008960752514241626
2024-01-05 13:00:00+00:00,-0.000836494040983898
2024-01-05 14:00:00+00:00,-0.0007699295268676014
2024-01-05 15:00:00+00:00,-0.0006978741830544619
2024-01-05 16:00:00+00:00,-0.0006218641579886025
2024-01-05 17:00:00+00:00,-0.000543429070796049
2024-01-05 18:00:00+00:00,-0.0004640434238127275
2024-01-05 19:00:00+00:00,-0.00038508146609658614
2024-01-05 20:00:00+00:00,-0.00030777719466354263
2024-01-05 21:00:00+00:00,-0.00023319096593925768
2024-01-05 22:00:00+00:00,-0.0001621839179762555
2024-01-05 23:00:00+00:00,-9.54010852593048e-05
2024-01-06 00:00:00+00:00,-3.326373517877114e-05
2024-01-06 01:00:00+00:00,2.4028917394533814e-05
2024-01-06 02:00:00+00:00,7.648883865072989e-05
2024-01-06 03:00:00+00:00,0.0001243197362858964
2024-01-06 04:00:00+00:00,0.0001678899834514319
2024-01-06 05:00:00+00:00,0.0002076991421883626
2024-01-06 06:00:00+00:00,0.00024433957613971546
2024-01-06 07:00:00+00:00,0.00027845483547140487
2024-01-06 08:00:00+00:00,0.0003106966217165908
2024-01-06 09:00:00+00:00,0.0003416821917472196
2024-01-06 10:00:00+00:00,0.00037195403625941325
2024-01-06 11:00:00+00:00,0.00040194357003788103
2024-01-06 12:00:00+00:00,0.00043194040281208915
2024-01-06 13:00:00+00:00,0.000462068527519332
2024-01-06 14:00:00+00:00,0.0004922704765749033
2024-01-06 15:00:00+00:00,0.0005223001678138073
2024-01-06 16:00:00+00:00,0.0005517248033187442
2024-01-06 17:00:00+00:00,0.0005799358107749646
2024-01-06 18:00:00+00:00,0.0006061684432917605
2024-01-06 19:00:00+00:00,0.0006295292948102667
2024-01-06 20:00:00+00:00,0.0006490306586954279
2024-01-06 21:00:00+00:00,0.0006636303701387128
2024-01-06 22:00:00+00:00,0.0006722755401349654
2024-01-06 23:00:00+00:00,0.0006739484194427867
2024-01-07 00:00:00+00:00,0.0006677125319620369
2024-01-07 01:00:00+00:00,0.0006527571924263615
2024-01-07 02:00:00+00:00,0.0006284385743052
2024-01-07 03:00:00+00:00,0.0005943156184162735
2024-01-07 04:00:00+00:00,0.0005501792661050543
2024-01-07 05:00:00+00:00,0.000496073755345719
2024-01-07 06:00:00+00:00,0.00043230902370836776
2024-01-07 07:00:00+00:00,0.0003594636067266896
2024-01-07 08:00:00+00:00,0.00027837779013298726
2024-01-07 09:00:00+00:00,0.000190137155029996
2024-01-07 10:00:00+00:00,9.604703123312664e-05
2024-01-07 11:00:00+00:00,-2.401269197048441e-06
2024-01-07 12:00:00+00:00,-0.00010357124298142285
2024-01-07 13:00:00+00:00,-0.00020572753913105583
2024-01-07 14:00:00+00:00,-0.0003070861634486527
2024-01-07 15:00:00+00:00,-0.0004058666992666509
2024-01-07 16:00:00+00:00,-0.0005003446186488722
2024-01-07 17:00:00+00:00,-0.0005889017527512519
2024-01-07 18:00:00+00:00,-0.0006700730602272555
2024-01-07 19:00:00+00:00,-0.0007425879757037014
2024-01-07 20:00:00+00:00,-0.0008054048307726539
2024-01-07 21:00:00+00:00,-0.0008577371093031472
2024-01-07 22:00:00+00:00,-0.0008990706164901882
2024-01-07 23:00:00+00:00,-0.0009291709943313881
2024-01-08 00:00:00+00:00,-0.0009480813911435035
2024-01-08 01:00:00+00:00,-0.0009561104744375041
2024-01-08 02:00:00+00:00,-0.0009538113498333155
2024-01-08 03:00:00+00:00,-0.000941952298925319
2024-01-08 04:00:00+00:00,-0.000921480562246197
2024-01-08 05:00:00+00:00,-0.0008934806573386832
2024-01-08 06:00:00+00:00,-0.0008591289260236674
2024-01-08 07:00:00+00:00,-0.0008196461412266836
2024-01-08 08:00:00+00:00,-0.000776250066876568
2024-01-08 09:00:00+00:00,-0.0007301098520194546
2024-01-08 10:00:00+00:00,-0.0006823040530092758
2024-01-08 11:00:00+00:00,-0.0006337839190390375
2024-01-08 12:00:00+00:00,-0.0005853433528033144
2024-01-08 13:00:00+00:00,-0.0005375966787537133
2024-01-08 14:00:00+00:00,-0.0004909650274702793
2024-01-08 15:00:00+00:00,-0.0004456717891423358
2024-01-08 16:00:00+00:00,-0.00040174721630500596
2024-01-08 17:00:00+00:00,-0.00035904188077044556
2024-01-08 18:00:00+00:00,-0.00031724832716993926
2024-01-08 19:00:00+00:00,-0.0002759299302162389
2024-01-08 20:00:00+00:00,-0.00023455566814259795
2024-01-08 21:00:00+00:00,-0.0001925392825847315
2024-01-08 22:00:00+00:00,-0.00014928111515178375
2024-01-08 23:00:00+00:00,-0.00010421080030172869
2024-01-09 00:00:00+00:00,-5.6828957338562366e-05
2024-01-09 01:00:00+00:00,-6.746062871685281e-06
2024-01-09 02:00:00+00:00,4.628320260189375e-05
2024-01-09 03:00:00+00:00,0.0001023316586919697
2024-01-09 04:00:00+00:00,0.0001612786606771204
2024-01-09 05:00:00+00:00,0.00022279745158484794
2024-01-09 06:00:00+00:00,0.00028635147920122797
2024-01-09 07:00:00+00:00,0.00035119996284140736
2024-01-09 08:00:00+00:00,0.0004164126186371071
2024-01-09 09:00:00+00:00,0.00048089307858053247
2024-01-09 10:00:00+00:00,0.0005434101825658558
2024-01-09 11:00:00+00:00,0.0006026359984599222
2024-01-09 12:00:00+00:00,0.0006571891458237784
2024-01-09 13:00:00+00:00,0.000705681775527457
2024-01-09 14:00:00+00:00,0.0007467683991562299
2024-01-09 15:00:00+00:00,0.0007791946752140278
2024-01-09 16:00:00+00:00,0.0008018442472615732
2024-01-09 17:00:00+00:00,0.0008137817928683619
2024-01-09 18:00:00+00:00,0.000814290579182845
2024-01-09 19:00:00+00:00,0.0008029030256918328
2024-01-09 20:00:00+00:00,0.0007794230393026532
2024-01-09 21:00:00+00:00,0.0007439392008098709
2024-01-09 22:00:00+00:00,0.0006968282327036348
2024-01-09 23:00:00+00:00,0.0006387485522638855
2024-01-10 00:00:00+00:00,0.0005706240961654286
2024-01-10 01:00:00+00:00,0.0004936189782600231
2024-01-10 02:00:00+00:00,0.00040910389593812655
2024-01-10 03:00:00+00:00,0.00031861551849896323
2024-01-10 04:00:00+00:00,0.00022381036068490158
2024-01-10 05:00:00+00:00,0.00012641485529452738
2024-01-10 06:00:00+00:00,2.817348225126548e-05
2024-01-10 07:00:00+00:00,-6.920311798196168e-05
2024-01-10 08:00:00+00:00,-0.00016408812394023715
2024-01-10 09:00:00+00:00,-0.0002549847635806375
2024-01-10 10:00:00+00:00,-0.0003405671063579698
2024-01-10 11:00:00+00:00,-0.0004197139466224294
2024-01-10 12:00:00+00:00,-0.0004915345842440216
2024-01-10 13:00:00+00:00,-0.0005553856309135437
2024-01-10 14:00:00+00:00,-0.0006108783265706621
2024-01-10 15:00:00+00:00,-0.0006578762256878094
2024-01-10 16:00:00+00:00,-0.0006964834927586718
2024-01-10 17:00:00+00:00,-0.0007270244152029088
2024-01-10 18:00:00+00:00,-0.0007500150853449557
2024-01-10 19:00:00+00:00,-0.000766128507517122
2024-01-10 20:00:00+00:00,-0.0007761546396051428
2024-01-10 21:00:00+00:00,-0.0007809570704739808
2024-01-10 22:00:00+00:00,-0.0007814281581048938
2024-01-10 23:00:00+00:00,-0.0007784445031109579
2024-01-11 00:00:00+00:00,-0.0007728246066855924
2024-01-11 01:00:00+00:00,-0.0007652904620996789
2024-01-11 02:00:00+00:00,-0.0007564346586876366
2024-01-11 03:00:00+00:00,-0.0007466943437462835
2024-01-11 04:00:00+00:00,-0.0007363331003354072
2024-01-11 05:00:00+00:00,-0.0007254314691908016
2024-01-11 06:00:00+00:00,-0.0007138864841035094
2024-01-11 07:00:00+00:00,-0.000701420216607303
2024-01-11 08:00:00+00:00,-0.000687596952657791
2024-01-11 09:00:00+00:00,-0.0006718482661731564
2024-01-11 10:00:00+00:00,-0.0006535049262162759
2024-01-11 11:00:00+00:00,-0.0006318342894203751
2024-01-11 12:00:00+00:00,-0.0006060815984697513
2024-01-11 13:00:00+00:00,-0.0005755134403444286
2024-01-11 14:00:00+00:00,-0.0005394615213786139
2024-01-11 15:00:00+00:00,-0.0004973648939084478
2024-01-11 16:00:00+00:00,-0.0004488088223620209
2024-01-11 17:00:00+00:00,-0.00039355860302978893
2024-01-11 18:00:00+00:00,-0.00033158684647029336
2024-01-11 19:00:00+00:00,-0.0002630929868450148
2024-01-11 20:00:00+00:00,-0.00018851408830163535
2024-01-11 21:00:00+00:00,-0.00010852636267785476
2024-01-11 22:00:00+00:00,-2.403718158149603e-05
2024-01-11 23:00:00+00:00,6.383225537313843e-05
2024-01-12 00:00:00+00:00,0.0001537730608239909
2024-01-12 01:00:00+00:00,0.00024432271955535475
2024-01-12 02:00:00+00:00,0.0003339058598266116
2024-01-12 03:00:00+00:00,0.00042088025552518835
2024-01-12 04:00:00+00:00,0.0005035863639547942
2024-01-12 05:00:00+00:00,0.0005803985559271823
2024-01-12 06:00:00+00:00,0.0006497761190841564
2024-01-12 07:00:00+00:00,0.0007103121151237921
2024-01-12 08:00:00+00:00,0.0007607782469281708
2024-01-12 09:00:00+00:00,0.0008001640395705036
2024-01-12 10:00:00+00:00,0.0008277088540098309
2024-01-12 11:00:00+00:00,0.0008429255254945718
2024-01-12 12:00:00+00:00,0.0008456147395034884
2024-01-12 13:00:00+00:00,0.0008358696137726108
2024-01-12 14:00:00+00:00,0.0008140703315198001
2024-01-12 15:00:00+00:00,0.0007808690534872062
2024-01-12 16:00:00+00:00,0.0007371657097430909
2024-01-12 17:00:00+00:00,0.0006840756215527973
2024-01-12 18:00:00+00:00,0.0006228902152332321
2024-01-12 19:00:00+00:00,0.0005550323514399755
2024-01-12 20:00:00+00:00,0.00048200799448899827
2024-01-12 21:00:00+00:00,0.00040535607917807236
2024-01-12 22:00:00+00:00,0.00032659849195751053
2024-01-12 23:00:00+00:00,0.0002471920669410634
2024-01-13 00:00:00+00:00,0.00016848440589566923
2024-01-13 01:00:00+00:00,9.167516873591513e-05
2024-01-13 02:00:00+00:00,1.778425374250107e-05
2024-01-13 03:00:00+00:00,-5.237199613808011e-05
2024-01-13 04:00:00+00:00,-0.00011819575162892722
2024-01-13 05:00:00+00:00,-0.00017931336899591752
2024-01-13 06:00:00+00:00,-0.00023557169933235658
2024-01-13 07:00:00+00:00,-0.00028702533589563135
2024-01-13 08:00:00+00:00,-0.0003339154636501728
2024-01-13 09:00:00+00:00,-0.00037664131092058197
2024-01-13 10:00:00+00:00,-0.00041572549765133196
2024-01-13 11:00:00+00:00,-0.00045177481646297823
2024-01-13 12:00:00+00:00,-0.00048543816186750045
2024-01-13 13:00:00+00:00,-0.0005173634325380912
2024-01-13 14:00:00+00:00,-0.0005481552670888772
2024-01-13 15:00:00+00:00,-0.0005783354340348796
2024-01-13 16:00:00+00:00,-0.0006083075831118179
2024-01-13 17:00:00+00:00,-0.0006383278825273404
2024-01-13 18:00:00+00:00,-0.0006684828223418983
2024-01-13 19:00:00+00:00,-0.0006986751678615799
2024-01-13 20:00:00+00:00,-0.0007286187105675736
2024-01-13 21:00:00+00:00,-0.0007578421012116715
2024-01-13 22:00:00+00:00,-0.0007857016748422081
2024-01-13 23:00:00+00:00,-0.0008114028057404643
2024-01-14 00:00:00+00:00,-0.0008340289764755104
2024-01-14 01:00:00+00:00,-0.0008525774237427602
2024-01-14 02:00:00+00:00,-0.0008659999472727191
2024-01-14 03:00:00+00:00,-0.0008732472480170682
2024-01-14 04:00:00+00:00,-0.0008733150069306848
2024-01-14 05:00:00+00:00,-0.0008652898322627981
2024-01-14 06:00:00+00:00,-0.0008483931947887776
2024-01-14 07:00:00+00:00,-0.000822021537307758
2024-01-14 08:00:00+00:00,-0.000785780884443461
2024-01-14 09:00:00+00:00,-0.0007395144858521368
2024-01-14 10:00:00+00:00,-0.0006833222922080662
2024-01-14 11:00:00+00:00,-0.0006175713782830105
2024-01-14 12:00:00+00:00,-0.0005428967785936409
2024-01-14 13:00:00+00:00,-0.00046019257454106533
2024-01-14 14:00:00+00:00,-0.00037059345289350146
2024-01-14 15:00:00+00:00,-0.0002754473287440836
2024-01-14 16:00:00+00:00,-0.00017627997688391864
2024-01-14 17:00:00+00:00,-7.475292992466504e-05
2024-01-14 18:00:00+00:00,2.7383833013662252e-05
2024-01-14 19:00:00+00:00,0.0001283426772252664
2024-01-14 20:00:00+00:00,0.00022635071478968588
2024-01-14 21:00:00+00:00,0.0003197018850759267
2024-01-14 22:00:00+00:00,0.00040680679069872883
2024-01-14 23:00:00+00:00,0.0004862384522632617
2024-01-15 00:00:00+00:00,0.0005567723032340108
2024-01-15 01:00:00+00:00,0.0006174189699847403
2024-01-15 02:00:00+00:00,0.0006674486626594553
2024-01-15 03:00:00+00:00,0.0007064063287715388
2024-01-15 04:00:00+00:00,0.0007341170805489821
2024-01-15 05:00:00+00:00,0.0007506817846579257
2024-01-15 06:00:00+00:00,0.0007564630841338169
2024-01-15 07:00:00+00:00,0.0007520624920128759
2024-01-15 08:00:00+00:00,0.0007382895396463379
2024-01-15 09:00:00+00:00,0.0007161242664050187
2024-01-15 10:00:00+00:00,0.0006866745894410968
2024-01-15 11:00:00+00:00,0.00065113028243452
2024-01-15 12:00:00+00:00,0.0006107154133421922
2024-01-15 13:00:00+00:00,0.0005666411383781784
2024-01-15 14:00:00+00:00,0.0005200607210179376
2024-01-15 15:00:00+00:00,0.000472028541990075
2024-01-15 16:00:00+00:00,0.00042346469321170063
2024-01-15 17:00:00+00:00,0.00037512651244994276
2024-01-15 18:00:00+00:00,0.0003275881256802605
2024-01-15 19:00:00+00:00,0.00028122873232376083
2024-01-15 20:00:00+00:00,0.00023623000811210382
2024-01-15 21:00:00+00:00,0.00019258262571679035
2024-01-15 22:00:00+00:00,0.00015010151951659335
2024-01-15 23:00:00+00:00,0.0001084491629478833
2024-01-16 00:00:00+00:00,6.716579913393543e-05
2024-01-16 01:00:00+00:00,2.570528105673862e-05
2024-01-16 02:00:00+00:00,-1.652505218371621e-05
2024-01-16 03:00:00+00:00,-6.012220227263033e-05
2024-01-16 04:00:00+00:00,-0.00010564487621799827
2024-01-16 05:00:00+00:00,-0.00015357224381715468
2024-01-16 06:00:00+00:00,-0.00020426588891958857
2024-01-16 07:00:00+00:00,-0.00025793662783772333
2024-01-16 08:00:00+00:00,-0.00031461767273828793
2024-01-16 09:00:00+00:00,-0.0003741453621310441
2024-01-16 10:00:00+00:00,-0.00043614837487680513
2024-01-16 11:00:00+00:00,-0.000500046000683117
2024-01-16 12:00:00+00:00,-0.0005650556725788603
2024-01-16 13:00:00+00:00,-0.0006302095900624609
2024-01-16 14:00:00+00:00,-0.0006943798905855168
2024-01-16 15:00:00+00:00,-0.0007563114766280968
2024-01-16 16:00:00+00:00,-0.0008146612898926505
2024-01-16 17:00:00+00:00,-0.000868042555764024
2024-01-16 18:00:00+00:00,-0.0009150723109471994
2024-01-16 19:00:00+00:00,-0.0009544203835831358
2024-01-16 20:00:00+00:00,-0.0009848579239866797
2024-01-16 21:00:00+00:00,-0.0010053035883955729
2024-01-16 22:00:00+00:00,-0.001014865557709365
2024-01-16 23:00:00+00:00,-0.0010128777250742278
2024-01-17 00:00:00+00:00,-0.000998928604396348
2024-01-17 01:00:00+00:00,-0.0009728817878603152
2024-01-17 02:00:00+00:00,-0.0009348871034041472
2024-01-17 03:00:00+00:00,-0.0008853819801029766
2024-01-17 04:00:00+00:00,-0.0008250829064204482
2024-01-17 05:00:00+00:00,-0.0007549672483807316
2024-01-17 06:00:00+00:00,-0.0006762460667681105
2024-01-17 07:00:00+00:00,-0.0005903289197442477
2024-01-17 08:00:00+00:00,-0.0004987819460357324
2024-01-17 09:00:00+00:00,-0.0004032807818655357
2024-01-17 10:00:00+00:00,-0.0003055600618771597
2024-01-17 11:00:00+00:00,-0.00020736138264533725
2024-01-17 12:00:00+00:00,-0.00011038166193089039
2024-01-17 13:00:00+00:00,-1.6223805499787812e-05
2024-01-17 14:00:00+00:00,7.364850301615482e-05
2024-01-17 15:00:00+00:00,0.0001579502412096914
2024-01-17 16:00:00+00:00,0.0002356072998286487
2024-01-17 17:00:00+00:00,0.00030578041849776006
2024-01-17 18:00:00+00:00,0.0003678800069621415
2024-01-17 19:00:00+00:00,0.0004215714148983679
2024-01-17 20:00:00+00:00,0.00046677059080366595
2024-01-17 21:00:00+00:00,0.0005036304490657359
2024-01-17 22:00:00+00:00,0.0005325186289805504
2024-01-17 23:00:00+00:00,0.0005539876657318263
2024-01-18 00:00:00+00:00,0.0005687388878264729
2024-01-18 01:00:00+00:00,0.0005775815965213979
2024-01-18 02:00:00+00:00,0.0005813892608436686
2024-01-18 03:00:00+00:00,0.0005810545698822392
2024-01-18 04:00:00+00:00,0.0005774452178967909
2024-01-18 05:00:00+00:00,0.0005713622561935946
2024-01-18 06:00:00+00:00,0.0005635027304206777
2024-01-18 07:00:00+00:00,0.0005544281376384605
2024-01-18 08:00:00+00:00,0.0005445399916856178
2024-01-18 09:00:00+00:00,0.0005340634878984758
2024-01-18 10:00:00+00:00,0.0005230399211304523
2024-01-18 11:00:00+00:00,0.0005113281478132289
2024-01-18 12:00:00+00:00,0.0004986150081006482
2024-01-18 13:00:00+00:00,0.0004844342529949322
2024-01-18 14:00:00+00:00,0.00046819316868387524
2024-01-18 15:00:00+00:00,0.0004492057702893605
2024-01-18 16:00:00+00:00,0.0004267311627093318
2024-01-18 17:00:00+00:00,0.0004000154482753991
2024-01-18 18:00:00+00:00,0.0003683354083347453
2024-01-18 19:00:00+00:00,0.0003310421047750609
2024-01-18 20:00:00+00:00,0.00028760254126273914
2024-01-18 21:00:00+00:00,0.0002376375928852374
2024-01-18 22:00:00+00:00,0.00018095455429988018
2024-01-18 23:00:00+00:00,0.00011757286481663405
2024-01-19 00:00:00+00:00,4.7741835827860295e-05
2024-01-19 01:00:00+00:00,-2.8050478958800278e-05
2024-01-19 02:00:00+00:00,-0.0001090777794560209
2024-01-19 03:00:00+00:00,-0.00019438551812586834
2024-01-19 04:00:00+00:00,-0.000282810159832865
2024-01-19 05:00:00+00:00,-0.00037300709001478075
2024-01-19 06:00:00+00:00,-0.0004634862111683951
2024-01-19 07:00:00+00:00,-0.0005526539572635006
2024-01-19 08:00:00+00:00,-0.0006388601947318587
2024-01-19 09:00:00+00:00,-0.0007204482775756123
2024-01-19 10:00:00+00:00,-0.0007958063909706995
2024-01-19 11:00:00+00:00,-0.0008634182578753234
2024-01-19 12:00:00+00:00,-0.0009219112990486157
2024-01-19 13:00:00+00:00,-0.0009701004279849604
2024-01-19 14:00:00+00:00,-0.0010070258250291068
2024-01-19 15:00:00+00:00,-0.0010319832629605893
2024-01-19 16:00:00+00:00,-0.0010445458406318359
2024-01-19 17:00:00+00:00,-0.0010445763105828235
2024-01-19 18:00:00+00:00,-0.0010322295479159743
2024-01-19 19:00:00+00:00,-0.0010079450868040382
2024-01-19 20:00:00+00:00,-0.0009724300328233153
2024-01-19 21:00:00+00:00,-0.000926633028749573
2024-01-19 22:00:00+00:00,-0.0008717102939134078
2024-01-19 23:00:00+00:00,-0.0008089850591503035
2024-01-20 00:00:00+00:00,-0.0007399019688767736
2024-01-20 01:00:00+00:00,-0.0006659782090454893
2024-01-20 02:00:00+00:00,-0.000588753237325827
2024-01-20 03:00:00+00:00,-0.0005097390352405182
2024-01-20 04:00:00+00:00,-0.00043037276953686044
2024-01-20 05:00:00+00:00,-0.000351973643171342
2024-01-20 06:00:00+00:00,-0.00027570553929184724
2024-01-20 07:00:00+00:00,-0.00020254682164972377
2024-01-20 08:00:00+00:00,-0.00013326836160550026
2024-01-20 09:00:00+00:00,-6.84205270647638e-05
2024-01-20 10:00:00+00:00,-8.32950569940708e-06
2024-01-20 11:00:00+00:00,4.689704180789282e-05
2024-01-20 12:00:00+00:00,9.735537795948378e-05
2024-01-20 13:00:00+00:00,0.0001433228723432626
2024-01-20 14:00:00+00:00,0.00018522803958239618
2024-01-20 15:00:00+00:00,0.00022361478195192565
2024-01-20 16:00:00+00:00,0.0002591024164195959
2024-01-20 17:00:00+00:00,0.0002923432307536873
2024-01-20 18:00:00+00:00,0.00032397940742543666
2024-01-20 19:00:00+00:00,0.000354601173603408
2024-01-20 20:00:00+00:00,0.00038470797985770894
2024-01-20 21:00:00+00:00,0.0004146743815398571
2024-01-20 22:00:00+00:00,0.00044472210037330324
2024-01-20 23:00:00+00:00,0.00047489948748495375
2024-01-21 00:00:00+00:00,0.0005050693032298168
2024-01-21 01:00:00+00:00,0.0005349053859926376
2024-01-21 02:00:00+00:00,0.0005638984154687499
2024-01-21 03:00:00+00:00,0.0005913706004518573
2024-01-21 04:00:00+00:00,0.0006164987519641932
2024-01-21 05:00:00+00:00,0.0006383448544839899
2024-01-21 06:00:00+00:00,0.0006558929350470751
2024-01-21 07:00:00+00:00,0.0006680907647170351
2024-01-21 08:00:00+00:00,0.0006738947200253114
2024-01-21 09:00:00+00:00,0.0006723159918443873
2024-01-21 10:00:00+00:00,0.0006624662614777824
2024-01-21 11:00:00+00:00,0.0006436009713435152
2024-01-21 12:00:00+00:00,0.0006151584003025987
2024-01-21 13:00:00+00:00,0.0005767929082548518
2024-01-21 14:00:00+00:00,0.0005284009350326349
2024-01-21 15:00:00+00:00,0.0004701386161821368
2024-01-21 16:00:00+00:00,0.0004024302019592452
2024-01-21 17:00:00+00:00,0.0003259668229627235
2024-01-21 18:00:00+00:00,0.00024169552212449205
2024-01-21 19:00:00+00:00,0.00015079885334371056
2024-01-21 20:00:00+00:00,5.466571677788484e-05
2024-01-21 21:00:00+00:00,-4.5145554996665056e-05
2024-01-21 22:00:00+00:00,-0.00014695054075064792
2024-01-21 23:00:00+00:00,-0.00024898693143150005
2024-01-22 00:00:00+00:00,-0.00034946582295983323
2024-01-22 01:00:00+00:00,-0.0004466242127376403
2024-01-22 02:00:00+00:00,-0.0005387767624402173
2024-01-22 03:00:00+00:00,-0.0006243649164461527
2024-01-22 04:00:00+00:00,-0.0007020015669504159
2024-01-22 05:00:00+00:00,-0.0007705096293806847
2024-01-22 06:00:00+00:00,-0.0008289531283580603
2024-01-22 07:00:00+00:00,-0.0008766596857277523
2024-01-22 08:00:00+00:00,-0.0009132336365803306
2024-01-22 09:00:00+00:00,-0.0009385593634282303
2024-01-22 10:00:00+00:00,-0.0009527948183514286
2024-01-22 11:00:00+00:00,-0.0009563555829301446
2024-01-22 12:00:00+00:00,-0.000949890181084283
2024-01-22 13:00:00+00:00,-0.0009342476960736911
2024-01-22 14:00:00+00:00,-0.0009104390365837842
2024-01-22 15:00:00+00:00,-0.0008795934364283954
2024-01-22 16:00:00+00:00,-0.0008429119485055944
2024-01-22 17:00:00+00:00,-0.0008016197993369211
2024-01-22 18:00:00+00:00,-0.0007569195017091485
2024-01-22 19:00:00+00:00,-0.0007099465784942876
2024-01-22 20:00:00+00:00,-0.0006617296325375551
2024-01-22 21:00:00+00:00,-0.0006131563104022826
2024-01-22 22:00:00+00:00,-0.0005649464593188488
2024-01-22 23:00:00+00:00,-0.0005176334769173003
2024-01-23 00:00:00+00:00,-0.00047155451428872045
2024-01-23 01:00:00+00:00,-0.0004268498282373022
2024-01-23 02:00:00+00:00,-0.0003834712028889139
2024-01-23 03:00:00+00:00,-0.0003411989891813662
2024-01-23 04:00:00+00:00,-0.0002996669580755763
2024-01-23 05:00:00+00:00,-0.00025839384373114267
2024-01-23 06:00:00+00:00,-0.00021682017919294643
2024-01-23 07:00:00+00:00,-0.00017434881030602232
2024-01-23 08:00:00+00:00,-0.00013038732230662283
2024-01-23 09:00:00+00:00,-8.439053389746405e-05
2024-01-23 10:00:00+00:00,-3.5901208806711865e-05
2024-01-23 11:00:00+00:00,1.5412794936522716e-05
2024-01-23 12:00:00+00:00,6.972657529636398e-05
2024-01-23 13:00:00+00:00,0.00012703286433525326
2024-01-23 14:00:00+00:00,0.00018712449511050565
2024-01-23 15:00:00+00:00,0.00024958550354668306
2024-01-23 16:00:00+00:00,0.00031379136172172777
2024-01-23 17:00:00+00:00,0.00037891846829643126
2024-01-23 18:00:00+00:00,0.00044396264498100486
2024-01-23 19:00:00+00:00,0.0005077660200567122
2024-01-23 20:00:00+00:00,0.0005690513357932971
2024-01-23 21:00:00+00:00,0.0006264624099273317
2024-01-23 22:00:00+00:00,0.0006786092245064513
2024-01-23 23:00:00+00:00,0.0007241159186956949
2024-01-24 00:00:00+00:00,0.000761669833527635
2024-01-24 01:00:00+00:00,0.0007900697012912464
2024-01-24 02:00:00+00:00,0.0008082710926100075
2024-01-24 03:00:00+00:00,0.0008154273295593815
2024-01-24 04:00:00+00:00,0.0008109242397343077
2024-01-24 05:00:00+00:00,0.000794407357475479
2024-01-24 06:00:00+00:00,0.0007658004653955969
2024-01-24 07:00:00+00:00,0.0007253147005914948
2024-01-24 08:00:00+00:00,0.0006734478123946806
2024-01-24 09:00:00+00:00,0.0006109735378643831
2024-01-24 10:00:00+00:00,0.0005389214424495168
2024-01-24 11:00:00+00:00,0.00045854794124624133
2024-01-24 12:00:00+00:00,0.00037129955648531595
2024-01-24 13:00:00+00:00,0.00027876976582923347
2024-01-24 14:00:00+00:00,0.00018265104191215954
2024-01-24 15:00:00+00:00,8.468386659502782e-05
2024-01-24 16:00:00+00:00,-1.3395383592379123e-05
2024-01-24 17:00:00+00:00,-0.00010990574583299855
2024-01-24 18:00:00+00:00,-0.00020327027568406092
2024-01-24 19:00:00+00:00,-0.0002920601623485448
2024-01-24 20:00:00+00:00,-0.0003750327506926285
2024-01-24 21:00:00+00:00,-0.00045116211061372506
2024-01-24 22:00:00+00:00,-0.0005196610917352
2024-01-24 23:00:00+00:00,-0.0005799941398206465
2024-01-25 00:00:00+00:00,-0.0006318805172800429
2024-01-25 01:00:00+00:00,-0.0006752879491109093
2024-01-25 02:00:00+00:00,-0.0007104170925006115
2024-01-25 03:00:00+00:00,-0.0007376775881263091
2024-01-25 04:00:00+00:00,-0.0007576567796320297
2024-01-25 05:00:00+00:00,-0.0007710824718024872
2024-01-25 06:00:00+00:00,-0.00077878132633603
2024-01-25 07:00:00+00:00,-0.000781634657815158
2024-01-25 08:00:00+00:00,-0.0007805334850414128
2024-01-25 09:00:00+00:00,-0.0007763347107430743
2024-01-25 10:00:00+00:00,-0.0007698202451651775
2024-01-25 11:00:00+00:00,-0.0007616607586080732
2024-01-25 12:00:00+00:00,-0.0007523855499011007
2024-01-25 13:00:00+00:00,-0.0007423597600906412
2024-01-25 14:00:00+00:00,-0.0007317698536756143
2024-01-25 15:00:00+00:00,-0.0007206179458917688
2024-01-25 16:00:00+00:00,-0.0007087251876540734
2024-01-25 17:00:00+00:00,-0.0006957440445583039
2024-01-25 18:00:00+00:00,-0.0006811789378935795
2024-01-25 19:00:00+00:00,-0.0006644143687305228
2024-01-25 20:00:00+00:00,-0.0006447493347658151
2024-01-25 21:00:00+00:00,-0.0006214365862450285
2024-01-25 22:00:00+00:00,-0.000593725062554127
2024-01-25 23:00:00+00:00,-0.0005609037132253187
2024-01-26 00:00:00+00:00,-0.000522344841731916
2024-01-26 01:00:00+00:00,-0.00047754512023966275
2024-01-26 02:00:00+00:00,-0.0004261625081239915
2024-01-26 03:00:00+00:00,-0.0003680474632482531
2024-01-26 04:00:00+00:00,-0.0003032670565580592
2024-01-26 05:00:00+00:00,-0.00023212087869897233
2024-01-26 06:00:00+00:00,-0.00015514795105863678
2024-01-26 07:00:00+00:00,-7.312420999448824e-05
2024-01-26 08:00:00+00:00,1.2949492153246082e-05
2024-01-26 09:00:00+00:00,0.00010186854728254157
2024-01-26 10:00:00+00:00,0.00019225422416779337
2024-01-26 11:00:00+00:00,0.0002825907440448962
2024-01-26 12:00:00+00:00,0.00037126846880663095
2024-01-26 13:00:00+00:00,0.0004566316224219179
2024-01-26 14:00:00+00:00,0.0005370287789313454
2024-01-26 15:00:00+00:00,0.0006108642324193711
2024-01-26 16:00:00+00:00,0.0006766483204855698
2024-01-26 17:00:00+00:00,0.0007330448047548556
2024-01-26 18:00:00+00:00,0.0007789135186836101
2024-01-26 19:00:00+00:00,0.0008133466701677871
2024-01-26 20:00:00+00:00,0.0008356974272687611
2024-01-26 21:00:00+00:00,0.0008455997102429325
2024-01-26 22:00:00+00:00,0.0008429784503415998
2024-01-26 23:00:00+00:00,0.0008280499422022308
2024-01-27 00:00:00+00:00,0.0008013122975885705
2024-01-27 01:00:00+00:00,0.0007635263886839633
2024-01-27 02:00:00+00:00,0.0007156880340497468
2024-01-27 03:00:00+00:00,0.0006589925152985476
2024-01-27 04:00:00+00:00,0.000594792804265038
2024-01-27 05:00:00+00:00,0.0005245531174693751
2024-01-27 06:00:00+00:00,0.00044979958762586113
2024-01-27 07:00:00+00:00,0.0003720699440658486
2024-01-27 08:00:00+00:00,0.00029286412125452725
2024-01-27 09:00:00+00:00,0.00021359766609797042
2024-01-27 10:00:00+00:00,0.00013555969248735315
2024-01-27 11:00:00+00:00,5.987694047323181e-05
2024-01-27 12:00:00+00:00,-1.251475469789574e-05
2024-01-27 13:00:00+00:00,-8.089058159514258e-05
2024-01-27 14:00:00+00:00,-0.00014474779954789938
2024-01-27 15:00:00+00:00,-0.0002038074205275651
2024-01-27 16:00:00+00:00,-0.00025800661055282273
2024-01-27 17:00:00+00:00,-0.0003074822681626053
2024-01-27 18:00:00+00:00,-0.00035254659094097944
2024-01-27 19:00:00+00:00,-0.00039365576089613806
2024-01-27 20:00:00+00:00,-0.00043137315293740057
2024-01-27 21:00:00+00:00,-0.00046632868686654244
2024-01-27 22:00:00+00:00,-0.0004991760936020942
2024-01-27 23:00:00+00:00,-0.0005305499448240244
2024-01-28 00:00:00+00:00,-0.0005610242987720571
2024-01-28 01:00:00+00:00,-0.0005910747434605172
2024-01-28 02:00:00+00:00,-0.0006210454749940924
2024-01-28 03:00:00+00:00,-0.0006511228387729312
2024-01-28 04:00:00+00:00,-0.0006813164936059535
2024-01-28 05:00:00+00:00,-0.0007114490438665322
2024-01-28 06:00:00+00:00,-0.0007411546354693441
2024-01-28 07:00:00+00:00,-0.0007698866416455482
2024-01-28 08:00:00+00:00,-0.0007969341890915335
2024-01-28 09:00:00+00:00,-0.000821446909137657
2024-01-28 10:00:00+00:00,-0.000842466956827567
2024-01-28 11:00:00+00:00,-0.0008589670369551387
2024-01-28 12:00:00+00:00,-0.0008698929224040339
2024-01-28 13:00:00+00:00,-0.0008742087568068716
2024-01-28 14:00:00+00:00,-0.0008709433084110214
2024-01-28 15:00:00+00:00,-0.000859235290212184
2024-01-28 16:00:00+00:00,-0.0008383758850756633
2024-01-28 17:00:00+00:00,-0.0008078467128772812
2024-01-28 18:00:00+00:00,-0.0007673516458508618
2024-01-28 19:00:00+00:00,-0.0007168411116863064
2024-01-28 20:00:00+00:00,-0.0006565278122770369
2024-01-28 21:00:00+00:00,-0.0005868931179642505
2024-01-28 22:00:00+00:00,-0.0005086837595185653
2024-01-28 23:00:00+00:00,-0.00042289881856776007
2024-01-29 00:00:00+00:00,-0.0003307673967023494
2024-01-29 01:00:00+00:00,-0.00023371770899816043
2024-01-29 02:00:00+00:00,-0.00013333868466602016
2024-01-29 03:00:00+00:00,-3.133545257958619e-05
2024-01-29 04:00:00+00:00,7.051966918930088e-05
2024-01-29 05:00:00+00:00,0.00017043888258448564
2024-01-29 06:00:00+00:00,0.0002666714125286043
2024-01-29 07:00:00+00:00,0.0003575548655327779
2024-01-29 08:00:00+00:00,0.0004415635487326515
2024-01-29 09:00:00+00:00,0.0005173519713126643
2024-01-29 10:00:00+00:00,0.000583791937121728
2024-01-29 11:00:00+00:00,0.0006400018863797795
2024-01-29 12:00:00+00:00,0.000685367445847503
2024-01-29 13:00:00+00:00,0.0007195524887241651
2024-01-29 14:00:00+00:00,0.000742500374292283
2024-01-29 15:00:00+00:00,0.0007544254183206662
2024-01-29 16:00:00+00:00,0.0007557950233669496
2024-01-29 17:00:00+00:00,0.0007473032584060517
2024-01-29 18:00:00+00:00,0.0007298370053885059
2024-01-29 19:00:00+00:00,0.0007044360734232399
2024-01-29 20:00:00+00:00,0.0006722489081075414
2024-01-29 21:00:00+00:00,0.0006344856851615706
2024-01-29 22:00:00+00:00,0.0005923706676380751
2024-01-29 23:00:00+00:00,0.0005470957210942668
2024-01-30 00:00:00+00:00,0.0004997768207466853
2024-01-30 01:00:00+00:00,0.0004514152513060063
2024-01-30 02:00:00+00:00,0.0004028649993374239
2024-01-30 03:00:00+00:00,0.00035480757773518094
2024-01-30 04:00:00+00:00,0.00030773521272292083
2024-01-30 05:00:00+00:00,0.00026194297812678083
2024-01-30 06:00:00+00:00,0.00021753009339823987
2024-01-30 07:00:00+00:00,0.0001744102257650443
2024-01-30 08:00:00+00:00,0.00013233026804478944
2024-01-30 09:00:00+00:00,9.08967168524511e-05
2024-01-30 10:00:00+00:00,4.96084650701875e-05
2024-01-30 11:00:00+00:00,7.894559983045009e-06
2024-01-30 12:00:00+00:00,-3.484472506295816e-05
2024-01-30 13:00:00+00:00,-7.919529409216507e-05
2024-01-30 14:00:00+00:00,-0.00012568695954578074
2024-01-30 15:00:00+00:00,-0.00017475334225311193
2024-01-30 16:00:00+00:00,-0.00022669569572495498
2024-01-30 17:00:00+00:00,-0.00028165225297707795
2024-01-30 18:00:00+00:00,-0.0003395744718987973
2024-01-30 19:00:00+00:00,-0.00040021127685944995
2024-01-30 20:00:00+00:00,-0.00046310207091787337
2024-01-30 21:00:00+00:00,-0.0005275789375934594
2024-01-30 22:00:00+00:00,-0.0005927780778893132
2024-01-30 23:00:00+00:00,-0.0006576601520660928
2024-01-31 00:00:00+00:00,-0.0007210388316128123
2024-01-31 01:00:00+00:00,-0.000781616529537472
2024-01-31 02:00:00+00:00,-0.0008380259800351496
2024-01-31 03:00:00+00:00,-0.0008888760937185131
2024-01-31 04:00:00+00:00,-0.0009328003317734507
2024-01-31 05:00:00+00:00,-0.0009685057290214894
2024-01-31 06:00:00+00:00,-0.0009948206565585243
2024-01-31 07:00:00+00:00,-0.0010107394510736794
2024-01-31 08:00:00+00:00,-0.0010154621487950355
2024-01-31 09:00:00+00:00,-0.0010084277429574684
2024-01-31 10:00:00+00:00,-0.0009893396276453841
2024-01-31 11:00:00+00:00,-0.0009581821882219918
2024-01-31 12:00:00+00:00,-0.0009152278375782137
2024-01-31 13:00:00+00:00,-0.0008610341647186261
2024-01-31 14:00:00+00:00,-0.0007964312432181777
2024-01-31 15:00:00+00:00,-0.0007224995267512307
2024-01-31 16:00:00+00:00,-0.000640539122181406
2024-01-31 17:00:00+00:00,-0.00055203156322324
2024-01-31 18:00:00+00:00,-0.000458595496279848
2024-01-31 19:00:00+00:00,-0.00036193792330631037
2024-01-31 20:00:00+00:00,-0.00026380281522484905
2024-01-31 21:00:00+00:00,-0.00016591900687027136
2024-01-31 22:00:00+00:00,-6.994930684931597e-05
2024-01-31 23:00:00+00:00,2.2557297787890193e-05
2024-02-01 00:00:00+00:00,0.00011020858936619114
2024-02-01 01:00:00+00:00,0.00019180566300915975
2024-02-01 02:00:00+00:00,0.00026637176538284434
2024-02-01 03:00:00+00:00,0.00033317243561804165
2024-02-01 04:00:00+00:00,0.00039172630071387303
2024-02-01 05:00:00+00:00,0.00044180624770952606
2024-02-01 06:00:00+00:00,0.00048343107470516825
2024-02-01 07:00:00+00:00,0.0005168480973090424
2024-02-01 08:00:00+00:00,0.0005425075413969862
2024-02-01 09:00:00+00:00,0.0005610298731195254
2024-02-01 10:00:00+00:00,0.0005731674901828188
2024-02-01 11:00:00+00:00,0.0005797624137449318
2024-02-01 12:00:00+00:00,0.0005817017693031182
2024-02-01 13:00:00+00:00,0.000579872921845486
2024-02-01 14:00:00+00:00,0.0005751201323283914
2024-02-01 15:00:00+00:00,0.0005682045292472522
2024-02-01 16:00:00+00:00,0.000559769043719852
2024-02-01 17:00:00+00:00,0.0005503097450002619
2024-02-01 18:00:00+00:00,0.000540154744233713
2024-02-01 19:00:00+00:00,0.0005294515183907743
2024-02-01 20:00:00+00:00,0.0005181631563933741
2024-02-01 21:00:00+00:00,0.0005060736595331632
2024-02-01 22:00:00+00:00,0.0004928020532493654
2024-02-01 23:00:00+00:00,0.0004778247022459095
2024-02-02 00:00:00+00:00,0.0004605048804554007
2024-02-02 01:00:00+00:00,0.00044012834518472913
2024-02-02 02:00:00+00:00,0.0004159434130574485
2024-02-02 03:00:00+00:00,0.00038720384423871434
2024-02-02 04:00:00+00:00,0.0003532127186056569
2024-02-02 05:00:00+00:00,0.0003133654379957981
2024-02-02 06:00:00+00:00,0.00026719001448554584
2024-02-02 07:00:00+00:00,0.00021438290486524208
2024-02-02 08:00:00+00:00,0.0001548388221570396
2024-02-02 09:00:00+00:00,8.867318941994931e-05
2024-02-02 10:00:00+00:00,1.623618990469059e-05
2024-02-02 11:00:00+00:00,-6.188230061719417e-05
2024-02-02 12:00:00+00:00,-0.00014485725201967417
2024-02-02 13:00:00+00:00,-0.00023164246429909657
2024-02-02 14:00:00+00:00,-0.0003209935969923863
2024-02-02 15:00:00+00:00,-0.0004114994796940504
2024-02-02 16:00:00+00:00,-0.0005016206065347389
2024-02-02 17:00:00+00:00,-0.0005897334266803463
2024-02-02 18:00:00+00:00,-0.0006741788062281774
2024-02-02 19:00:00+00:00,-0.0007533128637976938
2024-02-02 20:00:00+00:00,-0.0008255582795933926
2024-02-02 21:00:00+00:00,-0.0008894541499095382
2024-02-02 22:00:00+00:00,-0.0009437025071322696
2024-02-02 23:00:00+00:00,-0.0009872097474397318
2024-02-03 00:00:00+00:00,-0.0010191213998238273
2024-02-03 01:00:00+00:00,-0.0010388489232234942
2024-02-03 02:00:00+00:00,-0.001046087523476467
2024-02-03 03:00:00+00:00,-0.0010408243264155809
2024-02-03 04:00:00+00:00,-0.0010233366141281803
2024-02-03 05:00:00+00:00,-0.0009941802134985557
2024-02-03 06:00:00+00:00,-0.0009541685045465341
2024-02-03 07:00:00+00:00,-0.0009043428757921542
2024-02-03 08:00:00+00:00,-0.0008459357806939592
2024-02-03 09:00:00+00:00,-0.0007803278302140959
2024-02-03 10:00:00+00:00,-0.0007090005806702619
2024-02-03 11:00:00+00:00,-0.0006334868344204861
2024-02-03 12:00:00+00:00,-0.000555320357386597
2024-02-03 13:00:00+00:00,-0.00047598692861474393
2024-02-03 14:00:00+00:00,-0.00039687857264866105
2024-02-03 15:00:00+00:00,-0.00031925268811645006
2024-02-03 16:00:00+00:00,-0.0002441975811671999
2024-02-03 17:00:00+00:00,-0.00017260564848186504
2024-02-03 18:00:00+00:00,-0.00010515514211661725
2024-02-03 19:00:00+00:00,-4.2301099934063913e-05
2024-02-03 20:00:00+00:00,1.5724345214334902e-05
2024-02-03 21:00:00+00:00,6.890244225609919e-05
2024-02-03 22:00:00+00:00,0.00011740961935704722
2024-02-03 23:00:00+00:00,0.00016159148425469815
2024-02-04 00:00:00+00:00,0.00020193022062632026
2024-02-04 01:00:00+00:00,0.00023900683576989366
2024-02-04 02:00:00+00:00,0.0002734599176921017
2024-02-04 03:00:00+00:00,0.000305942695146381
2024-02-04 04:00:00+00:00,0.00033708025687763214
2024-02-04 05:00:00+00:00,0.00036742877384720175
2024-02-04 06:00:00+00:00,0.0003974384810826612
2024-02-04 07:00:00+00:00,0.00042742201755367065
2024-02-04 08:00:00+00:00,0.0004575294994965404
2024-02-04 09:00:00+00:00,0.00048773142386231583
2024-02-04 10:00:00+00:00,0.0005178101752446266
2024-02-04 11:00:00+00:00,0.0005473605547354835
2024-02-04 12:00:00+00:00,0.0005757993769076592
2024-02-04 13:00:00+00:00,0.0006023838064752185
2024-02-04 14:00:00+00:00,0.0006262377441835243
2024-02-04 15:00:00+00:00,0.0006463852366709989
2024-02-04 16:00:00+00:00,0.0006617895908890723
2024-02-04 17:00:00+00:00,0.000671396632008576
2024-02-04 18:00:00+00:00,0.000674180364331634
2024-02-04 19:00:00+00:00,0.0006691891848376955
2024-02-04 20:00:00+00:00,0.0006555907631187998
2024-02-04 21:00:00+00:00,0.0006327137411457532
2024-02-04 22:00:00+00:00,0.0006000845200841415
2024-02-04 23:00:00+00:00,0.0005574575848174047
2024-02-05 00:00:00+00:00,0.000504838062723469
2024-02-05 01:00:00+00:00,0.0004424955118862339
2024-02-05 02:00:00+00:00,0.0003709682734873188
2024-02-05 03:00:00+00:00,0.0002910580901643647
2024-02-05 04:00:00+00:00,0.0002038150720811608
2024-02-05 05:00:00+00:00,0.00011051347025207443
2024-02-05 06:00:00+00:00,1.2619077294340513e-05
2024-02-05 07:00:00+00:00,-8.825059508134334e-05
2024-02-05 08:00:00+00:00,-0.0001903719279732967
2024-02-05 09:00:00+00:00,-0.0002919649340510257
2024-02-05 10:00:00+00:00,-0.0003912452969720142
2024-02-05 11:00:00+00:00,-0.00048647679308724373
2024-02-05 12:00:00+00:00,-0.0005760221600965556
2024-02-05 13:00:00+00:00,-0.0006583905362224237
2024-02-05 14:00:00+00:00,-0.0007322797259330722
2024-02-05 15:00:00+00:00,-0.0007966117490189667
2024-02-05 16:00:00+00:00,-0.0008505603909509424
2024-02-05 17:00:00+00:00,-0.0008935697835682543
2024-02-05 18:00:00+00:00,-0.0009253633939215215
2024-02-05 19:00:00+00:00,-0.0009459431716973487
2024-02-05 20:00:00+00:00,-0.0009555789873040494
2024-02-05 21:00:00+00:00,-0.0009547888682751845
2024-02-05 22:00:00+00:00,-0.0009443108962710817
2024-02-05 23:00:00+00:00,-0.0009250679465912291
2024-02-06 00:00:00+00:00,-0.0008981267241160104
2024-02-06 01:00:00+00:00,-0.0008646527632405973
2024-02-06 02:00:00+00:00,-0.0008258632062429847
2024-02-06 03:00:00+00:00,-0.0007829792489028394
2024-02-06 04:00:00+00:00,-0.0007371801412094715
2024-02-06 05:00:00+00:00,-0.000689560554823069
2024-02-06 06:00:00+00:00,-0.0006410929807369795
2024-02-06 07:00:00+00:00,-0.0005925966063547221
2024-02-06 08:00:00+00:00,-0.0005447138495978422
2024-02-06 09:00:00+00:00,-0.0004978954096366173
2024-02-06 10:00:00+00:00,-0.0004523943421696783
2024-02-06 11:00:00+00:00,-0.0004082692959899737
2024-02-06 12:00:00+00:00,-0.0003653966717565731
2024-02-06 13:00:00+00:00,-0.0003234910985136672
2024-02-06 14:00:00+00:00,-0.00028213328320690265
2024-02-06 15:00:00+00:00,-0.00024080398688061086
2024-02-06 16:00:00+00:00,-0.00019892263048328985
2024-02-06 17:00:00+00:00,-0.00015588884331308253
2024-02-06 18:00:00+00:00,-0.00011112514571509286
2024-02-06 19:00:00+00:00,-6.411890957216258e-05
2024-02-06 20:00:00+00:00,-1.4461767350455973e-05
2024-02-06 21:00:00+00:00,3.8115258101280904e-05
2024-02-06 22:00:00+00:00,9.371245918666474e-05
2024-02-06 23:00:00+00:00,0.00015223930587908143
2024-02-07 00:00:00+00:00,0.00021340049708981022
2024-02-07 01:00:00+00:00,0.00027669090218049183
2024-02-07 02:00:00+00:00,0.00034139973329106897
2024-02-07 03:00:00+00:00,0.00040662391400208235
2024-02-07 04:00:00+00:00,0.00047129023498412924
2024-02-07 05:00:00+00:00,0.0005341855277190372
2024-02-07 06:00:00+00:00,0.0005939937575193642
2024-02-07 07:00:00+00:00,0.0006493386501589095
2024-02-07 08:00:00+00:00,0.0006988302339873728
2024-02-07 09:00:00+00:00,0.0007411135108011345
2024-02-07 10:00:00+00:00,0.000774917370804271
2024-02-07 11:00:00+00:00,0.0007991018437319874
2024-02-07 12:00:00+00:00,0.0008127018306613277
2024-02-07 13:00:00+00:00,0.0008149655872254814
2024-02-07 14:00:00+00:00,0.0008053864239631545
2024-02-07 15:00:00+00:00,0.0007837263457169069
2024-02-07 16:00:00+00:00,0.0007500306592479494
2024-02-07 17:00:00+00:00,0.000704632924427097
2024-02-07 18:00:00+00:00,0.0006481499958054374
2024-02-07 19:00:00+00:00,0.000581467283367278
2024-02-07 20:00:00+00:00,0.0005057147387005249
2024-02-07 21:00:00+00:00,0.00042223443074260284
2024-02-07 22:00:00+00:00,0.0003325408995012663
2024-02-07 23:00:00+00:00,0.00023827575387406078
2024-02-08 00:00:00+00:00,0.00014115819991028622
2024-02-08 01:00:00+00:00,4.293333987179419e-05
2024-02-08 02:00:00+00:00,-5.4679835818689484e-05
2024-02-08 03:00:00+00:00,-0.00015003883539891017
2024-02-08 04:00:00+00:00,-0.00024162457244106465
2024-02-08 05:00:00+00:00,-0.00032808307575813843
2024-02-08 06:00:00+00:00,-0.00040826049538854054
2024-02-08 07:00:00+00:00,-0.00048123016577129754
2024-02-08 08:00:00+00:00,-0.0005463108035860874
2024-02-08 09:00:00+00:00,-0.0006030752695816858
2024-02-08 10:00:00+00:00,-0.0006513496970377349
2024-02-08 11:00:00+00:00,-0.0006912031694393413
2024-02-08 12:00:00+00:00,-0.0007229285013784218
2024-02-08 13:00:00+00:00,-0.0007470150248672172
2024-02-08 14:00:00+00:00,-0.0007641145943296362
2024-02-08 15:00:00+00:00,-0.0007750022851881701
2024-02-08 16:00:00+00:00,-0.000780533462827278
2024-02-08 17:00:00+00:00,-0.0007815990328212073
2024-02-08 18:00:00+00:00,-0.0007790807444067931
2024-02-08 19:00:00+00:00,-0.0007738084049172362
2024-02-08 20:00:00+00:00,-0.0007665207739417697
2024-02-08 21:00:00+00:00,-0.0007578317459887919
2024-02-08 22:00:00+00:00,-0.0007482032058951671
2024-02-08 23:00:00+00:00,-0.0007379256612064112
2024-02-09 00:00:00+00:00,-0.0007271074315302337
2024-02-09 01:00:00+00:00,-0.0007156728194825341
2024-02-09 02:00:00+00:00,-0.0007033693155858265
2024-02-09 03:00:00+00:00,-0.0006897835153033694
2024-02-09 04:00:00+00:00,-0.0006743650653309808
2024-02-09 05:00:00+00:00,-0.0006564576228303921
2024-02-09 06:00:00+00:00,-0.0006353355188764232
2024-02-09 07:00:00+00:00,-0.0006102445777686284
2024-02-09 08:00:00+00:00,-0.0005804453666802857
2024-02-09 09:00:00+00:00,-0.0005452570425417864
2024-02-09 10:00:00+00:00,-0.0005040999294595208
2024-02-09 11:00:00+00:00,-0.0004565350017738183
2024-02-09 12:00:00+00:00,-0.0004022985634685944
2024-02-09 13:00:00+00:00,-0.0003413305995144212
2024-02-09 14:00:00+00:00,-0.00027379552154125416
2024-02-09 15:00:00+00:00,-0.00020009432920277385
2024-02-09 16:00:00+00:00,-0.0001208675478261795
2024-02-09 17:00:00+00:00,-3.6988668941810655e-05
2024-02-09 18:00:00+00:00,5.0451801522674805e-05
2024-02-09 19:00:00+00:00,0.0001401712072911469
2024-02-09 20:00:00+00:00,0.00023072768048368482
2024-02-09 21:00:00+00:00,0.0003205599921755995
2024-02-09 22:00:00+00:00,0.0004080328716750118
2024-02-09 23:00:00+00:00,0.0004914861275371889
2024-02-10 00:00:00+00:00,0.0005692857447513105
2024-02-10 01:00:00+00:00,0.0006398750456362173
2024-02-10 02:00:00+00:00,0.0007018239902966564
2024-02-10 03:00:00+00:00,0.0007538747565633525
2024-02-10 04:00:00+00:00,0.0007949818766964303
2024-02-10 05:00:00+00:00,0.0008243454133880115
2024-02-10 06:00:00+00:00,0.0008414359226699722
2024-02-10 07:00:00+00:00,0.0008460102657517955
2024-02-10 08:00:00+00:00,0.0008381176831541387
2024-02-10 09:00:00+00:00,0.0008180959188704487
2024-02-10 10:00:00+00:00,0.0007865575648712272
2024-02-10 11:00:00+00:00,0.000744367171927469
2024-02-10 12:00:00+00:00,0.0006926100266123898
2024-02-10 13:00:00+00:00,0.0006325538124531561
2024-02-10 14:00:00+00:00,0.0005656046429813275
2024-02-10 15:00:00+00:00,0.0004932591652323964
2024-02-10 16:00:00+00:00,0.0004170545757783544
2024-02-10 17:00:00+00:00,0.0003385184620298347
2024-02-10 18:00:00+00:00,0.00025912037660219187
2024-02-10 19:00:00+00:00,0.0001802269722991307
2024-02-10 20:00:00+00:00,0.00010306237301843012
2024-02-10 21:00:00+00:00,2.8675237782322917e-05
2024-02-10 22:00:00+00:00,-4.208630008783951e-05
2024-02-10 23:00:00+00:00,-0.00010859095785730137
2024-02-11 00:00:00+00:00,-0.00017043138592753607
2024-02-11 01:00:00+00:00,-0.00022742187504855077
2024-02-11 02:00:00+00:00,-0.00027958693265585003
2024-02-11 03:00:00+00:00,-0.0003271413392479699
2024-02-11 04:00:00+00:00,-0.00037046263653459565
2024-02-11 05:00:00+00:00,-0.00041005730066338505
2024-02-11 06:00:00+00:00,-0.00044652210415369357
2024-02-11 07:00:00+00:00,-0.00048050235926020216
2024-02-11 08:00:00+00:00,-0.0005126488558421979
2024-02-11 09:00:00+00:00,-0.0005435753536602975
2024-02-11 10:00:00+00:00,-0.0005738184605367133
2024-02-11 11:00:00+00:00,-0.000603801625186181
2024-02-11 12:00:00+00:00,-0.0006338048009060672
2024-02-11 13:00:00+00:00,-0.0006639411006582469
2024-02-11 14:00:00+00:00,-0.0006941414748563763
2024-02-11 15:00:00+00:00,-0.0007241481120069263
2024-02-11 16:00:00+00:00,-0.0007535169025368813
2024-02-11 17:00:00+00:00,-0.0007816289321195679
2024-02-11 18:00:00+00:00,-0.0008077105975988934
2024-02-11 19:00:00+00:00,-0.0008308615811989489
2024-02-11 20:00:00+00:00,-0.0008500895914527257
2024-02-11 21:00:00+00:00,-0.0008643504953519261
2024-02-11 22:00:00+00:00,-0.0008725922370466878
2024-02-11 23:00:00+00:00,-0.0008738007732626305
2024-02-12 00:00:00+00:00,-0.0008670461611556483
2024-02-12 01:00:00+00:00,-0.0008515269144730068
2024-02-12 02:00:00+00:00,-0.0008266107995378341
2024-02-12 03:00:00+00:00,-0.0007918703716154685
2024-02-12 04:00:00+00:00,-0.0007471117496158176
2024-02-12 05:00:00+00:00,-0.0006923953850680319
2024-02-12 06:00:00+00:00,-0.0006280478896834539
2024-02-12 07:00:00+00:00,-0.0005546643323942902
2024-02-12 08:00:00+00:00,-0.0004731007877842662
2024-02-12 09:00:00+00:00,-0.0003844572985956203
2024-02-12 10:00:00+00:00,-0.0002900517903885279
2024-02-12 11:00:00+00:00,-0.00019138583153577518
2024-02-12 12:00:00+00:00,-9.010345244550221e-05
2024-02-12 13:00:00+00:00,1.205548853093628e-05
2024-02-12 14:00:00+00:00,0.00011330568951050998
2024-02-12 15:00:00+00:00,0.00021186868787888
2024-02-12 16:00:00+00:00,0.00030602511315063033
2024-02-12 17:00:00+00:00,0.0003941649807489121
2024-02-12 18:00:00+00:00,0.000474834172390302
2024-02-12 19:00:00+00:00,0.000546775396266983
2024-02-12 20:00:00+00:00,0.0006089621345623111
2024-02-12 21:00:00+00:00,0.0006606243585196713
2024-02-12 22:00:00+00:00,0.0007012651114931169
2024-02-12 23:00:00+00:00,0.0007306674154432321
2024-02-13 00:00:00+00:00,0.0007488913321223828
2024-02-13 01:00:00+00:00,0.0007562613918219599
2024-02-13 02:00:00+00:00,0.0007533449749053876
2024-02-13 03:00:00+00:00,0.0007409225796771419
2024-02-13 04:00:00+00:00,0.0007199512206540898
2024-02-13 05:00:00+00:00,0.0006915224617400308
2024-02-13 06:00:00+00:00,0.0006568167888845911
2024-02-13 07:00:00+00:00,0.0006170561586716339
2024-02-13 08:00:00+00:00,0.000573456617789336
2024-02-13 09:00:00+00:00,0.0005271828712683586
2024-02-13 10:00:00+00:00,0.0004793065855349546
2024-02-13 11:00:00+00:00,0.0004307700494897241
2024-02-13 12:00:00+00:00,0.00038235658959752134
2024-02-13 13:00:00+00:00,0.0003346688525309396
2024-02-13 14:00:00+00:00,0.0002881157426172169
2024-02-13 15:00:00+00:00,0.00024290844430996294
2024-02-13 16:00:00+00:00,0.0001990655864744181
2024-02-13 17:00:00+00:00,0.00015642723041907794
2024-02-13 18:00:00+00:00,0.000114677002357546
2024-02-13 19:00:00+00:00,7.33713578221219e-05
2024-02-13 20:00:00+00:00,3.1974673827691374e-05
2024-02-13 21:00:00+00:00,-1.0101374008604456e-05
2024-02-13 22:00:00+00:00,-5.345586808551529e-05
2024-02-13 23:00:00+00:00,-9.865596401843349e-05
2024-02-14 00:00:00+00:00,-0.00014619532140615641
2024-02-14 01:00:00+00:00,-0.0001964554639723149
2024-02-14 02:00:00+00:00,-0.00024967176611026445
2024-02-14 03:00:00+00:00,-0.00030590557713284513
2024-02-14 04:00:00+00:00,-0.0003650237472674958
2024-02-14 05:00:00+00:00,-0.00042668652052128565
2024-02-14 06:00:00+00:00,-0.0004903444209191808
2024-02-14 07:00:00+00:00,-0.0005552443938321267
2024-02-14 08:00:00+00:00,-0.0006204450877554649
2024-02-14 09:00:00+00:00,-0.000684840789036753
2024-02-14 10:00:00+00:00,-0.0007471931676206529
2024-02-14 11:00:00+00:00,-0.0008061696700847308
2024-02-14 12:00:00+00:00,-0.000860387119999436
2024-02-14 13:00:00+00:00,-0.0009084588660628047
2024-02-14 14:00:00+00:00,-0.0009490436643892575
2024-02-14 15:00:00+00:00,-0.000980894399018915
2024-02-14 16:00:00+00:00,-0.0010029047375489006
2024-02-14 17:00:00+00:00,-0.001014151887170098
2024-02-14 18:00:00+00:00,-0.0010139337577099899
2024-02-14 19:00:00+00:00,-0.001001799047017795
2024-02-14 20:00:00+00:00,-0.0009775690319782974
2024-02-14 21:00:00+00:00,-0.0009413501650400698
2024-02-14 22:00:00+00:00,-0.0008935369288873078
2024-02-14 23:00:00+00:00,-0.0008348047768227233
